1,0,0,1,0,0,0,0,0,0,0,0,0,0,0,0,0,0,0,0,0,0,0,0,0,0,0,5,0,0,1
2,0,0,1,0,0,0,0,5,0,0,0,0,0,0,0,0,0,0,0,0,0,0,0,0,0,0,10,0,0,1
3,0,0,1,0,0,0,0,10,0,0,0,0,0,0,0,0,0,0,0,0,0,0,0,0,0,0,14,0,0,1
4,0,0,1,0,0,0,0,15,0,0,0,0,0,0,0,0,0,0,0,0,0,0,0,0,0,0,19,0,0,1
5,0,5,1,0,0,0,0,18,0,0,0,0,0,0,0,0,0,0,0,0,0,1,0,0,0,0,22,5,0,1
6,0,9,1,0,0,0,0,23,0,0,0,0,0,0,0,0,0,5,0,0,0,1,0,0,0,0,27,10,0,1
7,0,13,1,0,0,0,0,27,0,0,0,0,0,0,0,0,0,10,0,0,0,1,0,0,0,0,31,15,0,1
8,0,17,1,0,0,0,0,32,0,5,0,1,0,0,0,0,0,13,0,0,0,1,0,5,0,0,35,19,0,1
9,0,21,1,0,0,0,1,35,0,10,0,1,0,0,5,0,0,17,0,5,0,1,0,10,0,0,38,23,0,1
10,0,25,1,0,0,0,1,36,0,15,0,1,0,0,10,0,0,21,0,10,0,1,0,15,0,0,42,26,0,1
11,1,29,6,0,0,0,1,41,0,18,0,1,0,0,15,0,0,26,0,13,0,6,0,19,0,0,43,31,0,1
12,1,33,10,0,0,0,1,44,0,23,0,1,0,0,20,0,0,29,5,16,0,11,0,24,0,0,47,35,0,1
13,1,36,12,0,0,0,1,45,0,28,0,1,0,0,22,0,0,33,10,20,0,15,0,28,0,0,50,38,0,1
14,1,39,17,0,0,0,1,48,0,29,0,1,0,0,26,0,0,35,15,25,0,18,0,31,0,0,52,40,0,1
15,1,42,21,0,0,0,1,52,0,33,0,1,0,0,29,0,0,38,18,28,0,21,0,34,0,0,52,45,0,1
16,1,45,25,0,0,0,1,53,0,37,0,1,0,0,34,0,0,42,22,31,0,25,0,36,0,5,55,46,0,1
17,1,48,28,0,0,0,1,55,0,41,0,6,0,0,38,0,0,45,26,33,0,29,0,39,0,10,56,49,0,1
18,1,51,32,0,0,0,1,57,0,45,0,10,0,0,42,0,0,49,29,35,0,33,0,43,0,15,59,50,0,6
19,1,54,35,5,0,0,1,60,0,48,0,15,0,0,45,0,0,51,32,37,0,36,0,46,0,18,62,52,0,10
20,1,58,39,10,0,0,1,63,0,50,0,19,0,0,50,0,0,54,34,40,0,40,0,51,0,22,64,54,0,15
21,1,61,40,15,0,0,1,65,0,50,0,23,0,5,55,0,0,56,38,43,0,44,0,53,0,25,65,54,0,20
22,1,64,43,19,5,0,1,66,0,52,0,27,0,9,58,0,0,59,43,46,0,45,0,55,0,30,68,56,0,23
23,1,66,45,24,9,0,1,67,0,54,0,31,0,14,61,0,0,60,43,49,0,48,0,57,0,34,70,58,0,28
24,1,68,47,29,14,0,1,68,0,56,0,33,0,19,63,0,0,61,46,53,0,50,0,59,0,34,73,61,0,33
25,1,72,49,34,19,0,1,70,0,59,0,37,0,24,63,0,5,62,50,56,0,52,0,61,0,38,75,63,5,35
26,1,73,52,36,23,5,1,71,0,61,0,41,0,28,64,0,10,64,53,59,0,57,0,63,0,43,78,65,9,39
27,1,74,54,39,26,10,1,73,0,63,0,46,0,32,65,0,15,67,58,61,0,58,0,64,0,45,78,67,13,40
28,6,76,56,41,29,15,6,74,0,63,0,48,5,35,68,0,20,68,61,62,0,60,0,67,0,48,78,68,17,43
29,11,76,59,43,32,20,11,76,0,64,0,51,10,39,70,0,24,70,65,64,0,60,0,69,0,50,78,70,20,45
30,15,77,59,44,35,25,14,77,0,68,0,55,14,44,72,0,27,74,66,65,0,62,0,70,0,53,79,71,25,46
31,18,78,61,47,38,30,19,77,0,68,0,56,18,48,73,0,31,74,69,65,0,66,0,71,0,55,81,73,29,48
32,22,79,63,50,42,31,23,78,0,71,0,59,22,51,76,0,35,74,72,66,0,67,0,71,5,55,83,73,31,51
33,25,81,66,53,43,35,26,80,0,73,5,60,25,54,77,0,39,77,73,69,0,67,0,72,9,57,84,73,34,53
34,29,83,66,54,45,39,29,81,0,75,10,63,28,57,79,0,41,77,75,71,0,69,0,74,14,59,86,74,38,55
35,33,83,67,54,49,43,32,81,0,77,15,66,33,60,81,0,45,77,78,73,0,72,0,74,19,59,87,75,41,57
36,36,86,68,57,51,45,36,81,0,80,19,66,36,63,82,0,49,77,80,74,0,74,0,75,23,61,88,76,44,59
37,39,86,70,57,52,47,38,81,0,81,23,66,39,65,84,0,52,78,83,74,0,77,0,76,28,61,88,77,46,60
38,42,86,72,59,54,49,43,81,0,82,27,68,42,67,85,0,54,79,83,75,0,77,0,77,32,64,88,77,50,60
39,46,87,74,61,56,52,44,82,0,82,31,69,47,69,86,0,59,80,83,78,0,78,0,79,36,65,91,78,53,62
40,48,87,74,64,57,54,47,82,0,84,33,71,51,69,87,0,59,82,86,79,0,79,0,80,40,66,91,81,55,64
41,52,87,75,67,60,58,48,82,0,84,37,72,53,71,87,0,63,82,87,79,0,81,0,81,43,70,91,81,58,65
42,53,87,75,68,62,60,51,84,0,84,39,72,55,72,88,0,65,83,88,81,5,82,0,83,46,71,92,82,60,66
43,56,87,76,71,63,61,55,85,0,86,41,75,56,74,88,0,68,84,88,83,10,82,0,84,48,74,92,83,63,70
44,59,88,77,73,64,63,56,87,0,86,46,76,58,74,89,0,69,84,88,83,15,83,0,85,52,76,92,85,64,71
45,60,88,78,74,66,65,56,87,0,87,51,77,58,77,89,0,72,84,88,84,19,84,0,85,55,78,93,86,66,74
46,62,88,78,74,67,66,58,87,0,87,54,78,61,78,89,0,73,85,88,84,22,84,0,85,58,79,93,86,68,77
47,64,89,78,74,68,68,60,88,0,87,56,81,64,80,89,0,74,86,88,84,25,85,0,85,62,79,93,87,69,78
48,66,89,80,75,68,70,61,90,0,88,60,83,65,83,90,0,76,86,89,85,27,86,0,85,64,80,93,88,70,78
49,68,90,82,75,71,73,63,91,0,88,61,84,66,84,90,0,77,86,89,85,32,87,0,85,64,80,94,88,72,79
50,71,91,83,76,72,74,65,91,0,88,64,85,68,84,90,0,77,87,92,87,36,89,0,85,66,80,94,89,74,79
51,73,92,83,76,74,75,66,91,0,90,66,86,70,85,91,0,78,87,92,88,38,89,0,85,68,81,94,89,76,79
52,76,93,85,76,75,79,68,92,0,90,66,88,70,86,94,0,79,87,92,88,40,89,0,85,69,84,95,89,79,79
53,76,93,86,77,77,79,69,92,0,90,67,89,72,87,94,0,79,88,93,89,43,89,0,86,70,85,95,90,82,80
54,78,93,87,77,78,81,70,92,0,90,69,90,72,88,95,0,80,88,93,90,47,89,0,87,71,87,95,90,82,81
55,79,93,87,79,79,82,74,92,0,91,71,90,72,89,95,0,81,88,93,92,50,90,0,88,74,87,95,90,83,82
56,79,93,88,80,80,83,76,92,0,92,72,92,73,90,95,0,81,89,94,93,53,91,0,88,76,87,96,90,83,83
57,80,93,88,80,81,84,78,92,0,93,74,92,76,90,96,0,82,89,94,93,55,92,0,88,77,87,96,91,84,84
58,80,93,88,80,82,85,79,92,0,93,75,93,77,91,96,0,83,89,94,93,57,92,0,89,79,87,96,92,85,84
59,81,94,90,80,84,87,81,92,0,94,76,93,77,92,96,0,84,91,95,93,59,93,0,90,79,87,96,92,85,85
60,81,94,91,81,85,88,82,92,0,94,76,93,78,92,96,0,84,92,96,93,61,93,0,90,79,87,97,92,86,85
61,81,94,92,82,86,90,82,92,0,94,77,94,79,92,96,0,84,93,96,94,63,93,0,90,80,88,97,92,86,85
62,81,94,92,82,88,90,84,92,0,94,77,94,80,94,96,0,84,93,96,94,64,93,0,90,82,89,97,92,86,85
63,82,95,92,83,89,91,84,92,0,94,79,94,80,95,96,0,84,93,97,94,65,94,0,90,83,89,98,92,87,86
64,83,95,92,84,90,91,86,92,0,94,79,94,81,95,96,0,84,94,98,94,67,94,0,90,85,89,98,92,87,86
65,83,95,92,85,90,91,87,93,0,94,83,94,82,95,97,0,86,94,98,94,69,94,0,90,85,90,98,92,87,87
66,84,95,93,85,90,92,88,93,0,95,85,94,84,95,97,0,87,94,98,94,70,94,0,90,85,90,99,92,88,88
67,84,95,93,86,91,94,88,93,0,95,86,94,84,96,97,0,88,94,98,94,73,95,0,91,87,90,99,93,88,88
68,85,95,93,86,91,94,89,93,0,95,86,94,85,96,97,0,89,94,98,94,73,95,0,92,88,90,99,93,89,89
69,86,95,93,86,91,94,90,93,0,95,87,94,86,96,97,0,90,94,98,95,74,95,0,92,88,90,100,94,90,89
70,88,95,94,86,92,94,91,93,0,95,87,94,87,96,97,0,90,95,99,95,78,95,0,93,89,90,100,94,91,91
71,88,95,94,86,93,96,91,93,0,95,87,94,88,96,97,0,91,95,99,95,78,96,0,94,90,92,100,95,91,91
72,89,95,94,89,93,96,92,93,0,95,87,95,89,96,97,0,91,95,99,96,78,96,0,95,90,93,100,95,91,91
73,89,95,94,89,94,96,93,94,0,95,88,96,89,96,97,5,91,95,99,96,79,96,0,95,90,93,100,96,92,91
74,89,96,94,89,94,96,94,95,0,96,89,98,89,96,97,10,91,97,100,96,79,96,0,95,91,93,100,96,92,93
75,89,96,94,89,94,97,94,95,0,96,90,98,90,96,97,14,91,98,100,96,79,96,0,95,91,93,100,96,92,93
76,89,96,94,90,95,97,94,95,0,96,91,98,92,96,97,19,91,98,100,96,82,96,0,95,92,93,100,96,93,93
77,89,96,95,91,95,97,95,95,0,96,91,99,92,96,97,24,92,98,100,96,83,96,0,95,92,93,100,96,93,93
78,89,96,95,92,96,97,95,95,0,96,91,99,92,96,97,28,92,98,100,98,85,97,0,95,92,94,100,96,94,93
79,90,97,95,93,97,97,95,95,0,96,91,99,92,96,97,31,92,98,100,98,85,97,0,95,92,95,100,97,95,93
80,90,97,96,93,97,97,96,95,0,97,91,99,92,96,98,36,93,98,100,98,85,97,0,96,93,95,100,97,95,93
81,92,97,96,93,97,97,96,95,0,98,91,99,92,96,98,40,93,98,100,98,86,97,0,96,94,95,100,97,95,93
82,92,97,96,93,97,97,96,95,0,98,91,99,92,97,98,42,93,98,100,98,87,97,0,96,94,95,100,97,95,94
83,92,97,96,94,97,97,96,95,0,98,92,99,92,97,98,43,93,98,100,98,87,97,0,96,94,95,100,97,95,95
84,92,97,96,94,97,97,96,95,5,99,93,99,92,97,98,46,93,98,100,98,87,98,0,97,94,95,100,97,96,95
85,93,97,96,95,98,97,96,95,10,99,94,99,93,97,98,48,93,98,100,98,87,98,0,97,94,95,100,97,96,95
86,93,98,96,96,98,97,96,96,14,99,94,99,94,97,98,52,93,98,100,98,88,98,0,97,94,95,100,97,97,95
87,94,98,96,96,98,98,96,96,19,99,94,99,94,97,99,54,93,98,100,98,89,98,0,97,94,95,100,98,97,95
88,94,98,98,96,98,98,96,96,24,99,94,99,94,97,99,57,93,98,100,98,90,98,0,97,95,95,100,98,98,95
89,94,98,98,96,98,98,96,96,28,99,94,99,95,97,99,60,94,98,100,98,91,98,0,97,95,95,100,98,98,96
90,95,98,98,96,98,98,96,96,31,99,94,99,96,97,99,62,94,98,100,98,93,99,0,99,95,95,100,99,98,96
91,95,98,98,96,98,98,96,96,33,99,94,99,96,98,99,63,95,98,100,98,93,99,0,99,95,96,100,99,98,96
92,95,98,98,96,99,99,96,96,36,99,94,99,97,98,99,65,96,98,100,98,93,99,0,99,95,96,100,99,98,97
93,95,98,99,96,99,99,97,96,40,99,94,100,98,98,99,65,96,98,100,98,93,100,5,99,96,96,100,99,98,97
94,95,98,99,96,99,99,97,96,44,99,94,100,98,98,99,68,96,98,100,98,93,100,10,99,97,98,100,99,98,97
95,95,98,99,97,99,100,97,96,46,99,94,100,98,98,99,70,96,98,100,98,93,100,14,99,97,98,100,99,98,97
96,95,98,99,97,99,100,98,96,49,99,94,100,98,98,99,72,96,98,100,98,94,100,19,99,97,99,100,99,98,97
97,95,98,99,97,99,100,98,96,51,99,94,100,98,98,99,76,96,98,100,98,95,100,24,99,97,99,100,99,98,98
98,95,98,99,97,99,100,98,96,53,99,94,100,98,98,99,76,98,98,100,98,95,100,27,99,97,99,100,99,98,98
99,95,98,99,98,99,100,98,96,56,99,94,100,98,98,99,78,98,99,100,98,96,100,31,99,97,99,100,99,98,98
100,95,98,99,98,99,100,98,96,57,99,94,100,98,98,100,78,98,99,100,98,96,100,33,99,97,99,100,99,98,98
101,95,99,99,98,99,100,98,96,60,99,94,100,98,99,100,79,99,99,100,98,96,100,37,99,98,99,100,99,98,98
102,96,99,99,98,99,100,98,96,63,99,94,100,98,99,100,80,99,99,100,99,97,100,41,99,98,99,100,99,98,98
103,96,99,99,98,100,100,98,96,65,99,94,100,98,99,100,80,99,99,100,99,97,100,43,99,98,99,100,99,98,98
104,96,99,99,98,100,100,98,96,67,99,95,100,98,99,100,80,99,99,100,99,97,100,45,99,98,100,100,99,98,98
105,96,99,99,98,100,100,98,96,71,99,95,100,98,99,100,80,99,99,100,99,97,100,47,99,98,100,100,99,98,98
106,96,99,99,98,100,100,98,96,73,99,96,100,98,99,100,80,99,99,100,99,97,100,50,99,98,100,100,99,98,98
107,96,100,99,98,100,100,98,96,74,100,96,100,98,99,100,81,99,99,100,99,97,100,53,99,98,100,100,99,98,98
108,96,100,100,98,100,100,99,96,74,100,96,100,98,100,100,82,99,99,100,99,97,100,56,99,98,100,100,99,98,98
109,96,100,100,99,100,100,99,97,75,100,96,100,98,100,100,82,99,99,100,99,97,100,60,99,98,100,100,99,98,98
110,97,100,100,99,100,100,99,97,75,100,96,100,98,100,100,84,99,99,100,99,97,100,60,99,99,100,100,99,98,98
111,97,100,100,99,100,100,99,97,76,100,96,100,98,100,100,86,99,99,100,100,97,100,61,99,99,100,100,99,98,98
112,97,100,100,99,100,100,99,97,76,100,96,100,98,100,100,89,99,99,100,100,97,100,64,99,99,100,100,99,98,98
113,97,100,100,99,100,100,99,97,79,100,96,100,98,100,100,90,99,99,100,100,97,100,65,99,99,100,100,99,98,98
114,97,100,100,99,100,100,99,97,82,100,96,100,98,100,100,90,99,99,100,100,97,100,66,99,99,100,100,99,98,98
115,97,100,100,99,100,100,99,97,82,100,96,100,98,100,100,91,99,99,100,100,98,100,67,99,99,100,100,99,98,98
116,97,100,100,99,100,100,99,97,83,100,96,100,99,100,100,93,99,99,100,100,98,100,68,99,99,100,100,99,98,98
117,97,100,100,99,100,100,99,97,84,100,96,100,99,100,100,94,99,99,100,100,98,100,71,99,99,100,100,99,98,98
118,97,100,100,99,100,100,99,97,84,100,96,100,99,100,100,95,99,99,100,100,98,100,71,99,99,100,100,99,98,99
119,98,100,100,99,100,100,99,97,84,100,96,100,99,100,100,95,99,99,100,100,98,100,73,99,99,100,100,99,98,99
120,98,100,100,99,100,100,99,97,85,100,96,100,99,100,100,96,99,99,100,100,98,100,74,99,99,100,100,99,98,99
121,98,100,100,99,100,100,99,97,87,100,96,100,99,100,100,96,99,99,100,100,98,100,75,100,99,100,100,99,99,99
122,98,100,100,99,100,100,99,97,88,100,96,100,99,100,100,97,99,99,100,100,98,100,75,100,99,100,100,99,99,99
123,98,100,100,99,100,100,99,97,89,100,97,100,99,100,100,97,99,99,100,100,98,100,77,100,99,100,100,99,99,99
124,98,100,100,99,100,100,99,97,90,100,97,100,99,100,100,97,100,99,100,100,98,100,78,100,99,100,100,99,99,99
125,98,100,100,99,100,100,99,97,90,100,97,100,100,100,100,97,100,99,100,100,98,100,79,100,99,100,100,99,99,99
126,98,100,100,99,100,100,99,97,92,100,97,100,100,100,100,97,100,99,100,100,98,100,80,100,99,100,100,99,99,100
127,99,100,100,99,100,100,99,97,92,100,98,100,100,100,100,97,100,99,100,100,98,100,81,100,99,100,100,99,99,100
128,99,100,100,99,100,100,99,98,92,100,98,100,100,100,100,97,100,99,100,100,98,100,82,100,99,100,100,99,99,100
129,100,100,100,99,100,100,100,98,92,100,99,100,100,100,100,97,100,99,100,100,98,100,82,100,100,100,100,99,99,100
130,100,100,100,99,100,100,100,98,92,100,99,100,100,100,100,97,100,100,100,100,98,100,82,100,100,100,100,99,99,100
131,100,100,100,99,100,100,100,98,92,100,99,100,100,100,100,98,100,100,100,100,98,100,84,100,100,100,100,99,99,100
132,100,100,100,100,100,100,100,98,92,100,99,100,100,100,100,98,100,100,100,100,98,100,85,100,100,100,100,99,99,100
133,100,100,100,100,100,100,100,98,93,100,99,100,100,100,100,98,100,100,100,100,98,100,86,100,100,100,100,99,99,100
134,100,100,100,100,100,100,100,98,93,100,99,100,100,100,100,98,100,100,100,100,98,100,86,100,100,100,100,99,99,100
135,100,100,100,100,100,100,100,98,93,100,99,100,100,100,100,98,100,100,100,100,98,100,87,100,100,100,100,99,99,100
136,100,100,100,100,100,100,100,99,94,100,99,100,100,100,100,98,100,100,100,100,98,100,87,100,100,100,100,99,99,100
137,100,100,100,100,100,100,100,100,95,100,99,100,100,100,100,98,100,100,100,100,98,100,87,100,100,100,100,99,99,100
138,100,100,100,100,100,100,100,100,96,100,99,100,100,100,100,98,100,100,100,100,98,100,88,100,100,100,100,99,99,100
139,100,100,100,100,100,100,100,100,97,100,99,100,100,100,100,98,100,100,100,100,98,100,89,100,100,100,100,99,99,100
140,100,100,100,100,100,100,100,100,97,100,99,100,100,100,100,98,100,100,100,100,98,100,90,100,100,100,100,99,99,100
141,100,100,100,100,100,100,100,100,97,100,99,100,100,100,100,98,100,100,100,100,98,100,92,100,100,100,100,99,99,100
142,100,100,100,100,100,100,100,100,97,100,99,100,100,100,100,98,100,100,100,100,98,100,93,100,100,100,100,99,99,100
143,100,100,100,100,100,100,100,100,97,100,99,100,100,100,100,98,100,100,100,100,98,100,94,100,100,100,100,99,99,100
144,100,100,100,100,100,100,100,100,97,100,99,100,100,100,100,98,100,100,100,100,98,100,94,100,100,100,100,99,99,100
145,100,100,100,100,100,100,100,100,97,100,99,100,100,100,100,98,100,100,100,100,98,100,94,100,100,100,100,99,99,100
146,100,100,100,100,100,100,100,100,97,100,99,100,100,100,100,98,100,100,100,100,98,100,94,100,100,100,100,99,99,100
147,100,100,100,100,100,100,100,100,98,100,99,100,100,100,100,98,100,100,100,100,98,100,94,100,100,100,100,99,99,100
148,100,100,100,100,100,100,100,100,98,100,99,100,100,100,100,98,100,100,100,100,98,100,95,100,100,100,100,99,99,100
149,100,100,100,100,100,100,100,100,98,100,99,100,100,100,100,98,100,100,100,100,98,100,95,100,100,100,100,99,99,100
150,100,100,100,100,100,100,100,100,98,100,99,100,100,100,100,98,100,100,100,100,98,100,95,100,100,100,100,99,99,100
151,100,100,100,100,100,100,100,100,98,100,99,100,100,100,100,98,100,100,100,100,98,100,95,100,100,100,100,100,99,100
152,100,100,100,100,100,100,100,100,98,100,99,100,100,100,100,98,100,100,100,100,98,100,96,100,100,100,100,100,99,100
153,100,100,100,100,100,100,100,100,99,100,99,100,100,100,100,98,100,100,100,100,99,100,96,100,100,100,100,100,99,100
154,100,100,100,100,100,100,100,100,99,100,99,100,100,100,100,98,100,100,100,100,99,100,96,100,100,100,100,100,99,100
155,100,100,100,100,100,100,100,100,99,100,99,100,100,100,100,98,100,100,100,100,99,100,97,100,100,100,100,100,99,100
156,100,100,100,100,100,100,100,100,99,100,99,100,100,100,100,98,100,100,100,100,99,100,97,100,100,100,100,100,99,100
157,100,100,100,100,100,100,100,100,99,100,99,100,100,100,100,98,100,100,100,100,99,100,97,100,100,100,100,100,99,100
158,100,100,100,100,100,100,100,100,99,100,99,100,100,100,100,98,100,100,100,100,99,100,97,100,100,100,100,100,99,100
159,100,100,100,100,100,100,100,100,99,100,99,100,100,100,100,98,100,100,100,100,99,100,97,100,100,100,100,100,99,100
160,100,100,100,100,100,100,100,100,99,100,99,100,100,100,100,98,100,100,100,100,99,100,97,100,100,100,100,100,99,100
161,100,100,100,100,100,100,100,100,99,100,99,100,100,100,100,98,100,100,100,100,99,100,97,100,100,100,100,100,99,100
162,100,100,100,100,100,100,100,100,99,100,100,100,100,100,100,98,100,100,100,100,99,100,97,100,100,100,100,100,99,100
163,100,100,100,100,100,100,100,100,99,100,100,100,100,100,100,98,100,100,100,100,99,100,97,100,100,100,100,100,99,100
164,100,100,100,100,100,100,100,100,99,100,100,100,100,100,100,98,100,100,100,100,99,100,97,100,100,100,100,100,99,100
165,100,100,100,100,100,100,100,100,99,100,100,100,100,100,100,98,100,100,100,100,99,100,98,100,100,100,100,100,99,100
166,100,100,100,100,100,100,100,100,99,100,100,100,100,100,100,98,100,100,100,100,99,100,98,100,100,100,100,100,100,100
167,100,100,100,100,100,100,100,100,99,100,100,100,100,100,100,98,100,100,100,100,99,100,98,100,100,100,100,100,100,100
168,100,100,100,100,100,100,100,100,99,100,100,100,100,100,100,98,100,100,100,100,99,100,98,100,100,100,100,100,100,100
169,100,100,100,100,100,100,100,100,99,100,100,100,100,100,100,98,100,100,100,100,99,100,99,100,100,100,100,100,100,100
170,100,100,100,100,100,100,100,100,99,100,100,100,100,100,100,99,100,100,100,100,99,100,100,100,100,100,100,100,100,100
171,100,100,100,100,100,100,100,100,99,100,100,100,100,100,100,99,100,100,100,100,99,100,100,100,100,100,100,100,100,100
172,100,100,100,100,100,100,100,100,99,100,100,100,100,100,100,99,100,100,100,100,99,100,100,100,100,100,100,100,100,100
173,100,100,100,100,100,100,100,100,99,100,100,100,100,100,100,99,100,100,100,100,99,100,100,100,100,100,100,100,100,100
174,100,100,100,100,100,100,100,100,99,100,100,100,100,100,100,99,100,100,100,100,99,100,100,100,100,100,100,100,100,100
175,100,100,100,100,100,100,100,100,99,100,100,100,100,100,100,99,100,100,100,100,99,100,100,100,100,100,100,100,100,100
176,100,100,100,100,100,100,100,100,99,100,100,100,100,100,100,99,100,100,100,100,99,100,100,100,100,100,100,100,100,100
177,100,100,100,100,100,100,100,100,99,100,100,100,100,100,100,99,100,100,100,100,99,100,100,100,100,100,100,100,100,100
178,100,100,100,100,100,100,100,100,99,100,100,100,100,100,100,99,100,100,100,100,99,100,100,100,100,100,100,100,100,100
179,100,100,100,100,100,100,100,100,100,100,100,100,100,100,100,100,100,100,100,100,99,100,100,100,100,100,100,100,100,100
180,100,100,100,100,100,100,100,100,100,100,100,100,100,100,100,100,100,100,100,100,99,100,100,100,100,100,100,100,100,100
181,100,100,100,100,100,100,100,100,100,100,100,100,100,100,100,100,100,100,100,100,99,100,100,100,100,100,100,100,100,100
182,100,100,100,100,100,100,100,100,100,100,100,100,100,100,100,100,100,100,100,100,99,100,100,100,100,100,100,100,100,100
183,100,100,100,100,100,100,100,100,100,100,100,100,100,100,100,100,100,100,100,100,99,100,100,100,100,100,100,100,100,100
184,100,100,100,100,100,100,100,100,100,100,100,100,100,100,100,100,100,100,100,100,99,100,100,100,100,100,100,100,100,100
185,100,100,100,100,100,100,100,100,100,100,100,100,100,100,100,100,100,100,100,100,99,100,100,100,100,100,100,100,100,100
186,100,100,100,100,100,100,100,100,100,100,100,100,100,100,100,100,100,100,100,100,100,100,100,100,100,100,100,100,100,100
187,100,100,100,100,100,100,100,100,100,100,100,100,100,100,100,100,100,100,100,100,100,100,100,100,100,100,100,100,100,100
188,100,100,100,100,100,100,100,100,100,100,100,100,100,100,100,100,100,100,100,100,100,100,100,100,100,100,100,100,100,100
189,100,100,100,100,100,100,100,100,100,100,100,100,100,100,100,100,100,100,100,100,100,100,100,100,100,100,100,100,100,100
190,100,100,100,100,100,100,100,100,100,100,100,100,100,100,100,100,100,100,100,100,100,100,100,100,100,100,100,100,100,100
191,100,100,100,100,100,100,100,100,100,100,100,100,100,100,100,100,100,100,100,100,100,100,100,100,100,100,100,100,100,100
192,100,100,100,100,100,100,100,100,100,100,100,100,100,100,100,100,100,100,100,100,100,100,100,100,100,100,100,100,100,100
193,100,100,100,100,100,100,100,100,100,100,100,100,100,100,100,100,100,100,100,100,100,100,100,100,100,100,100,100,100,100
194,100,100,100,100,100,100,100,100,100,100,100,100,100,100,100,100,100,100,100,100,100,100,100,100,100,100,100,100,100,100
195,100,100,100,100,100,100,100,100,100,100,100,100,100,100,100,100,100,100,100,100,100,100,100,100,100,100,100,100,100,100
196,100,100,100,100,100,100,100,100,100,100,100,100,100,100,100,100,100,100,100,100,100,100,100,100,100,100,100,100,100,100
197,100,100,100,100,100,100,100,100,100,100,100,100,100,100,100,100,100,100,100,100,100,100,100,100,100,100,100,100,100,100
198,100,100,100,100,100,100,100,100,100,100,100,100,100,100,100,100,100,100,100,100,100,100,100,100,100,100,100,100,100,100
199,100,100,100,100,100,100,100,100,100,100,100,100,100,100,100,100,100,100,100,100,100,100,100,100,100,100,100,100,100,100
200,100,100,100,100,100,100,100,100,100,100,100,100,100,100,100,100,100,100,100,100,100,100,100,100,100,100,100,100,100,100
201,100,100,100,100,100,100,100,100,100,100,100,100,100,100,100,100,100,100,100,100,100,100,100,100,100,100,100,100,100,100
202,100,100,100,100,100,100,100,100,100,100,100,100,100,100,100,100,100,100,100,100,100,100,100,100,100,100,100,100,100,100
203,100,100,100,100,100,100,100,100,100,100,100,100,100,100,100,100,100,100,100,100,100,100,100,100,100,100,100,100,100,100
204,100,100,100,100,100,100,100,100,100,100,100,100,100,100,100,100,100,100,100,100,100,100,100,100,100,100,100,100,100,100
205,100,100,100,100,100,100,100,100,100,100,100,100,100,100,100,100,100,100,100,100,100,100,100,100,100,100,100,100,100,100
206,100,100,100,100,100,100,100,100,100,100,100,100,100,100,100,100,100,100,100,100,100,100,100,100,100,100,100,100,100,100
207,100,100,100,100,100,100,100,100,100,100,100,100,100,100,100,100,100,100,100,100,100,100,100,100,100,100,100,100,100,100
208,100,100,100,100,100,100,100,100,100,100,100,100,100,100,100,100,100,100,100,100,100,100,100,100,100,100,100,100,100,100
209,100,100,100,100,100,100,100,100,100,100,100,100,100,100,100,100,100,100,100,100,100,100,100,100,100,100,100,100,100,100
210,100,100,100,100,100,100,100,100,100,100,100,100,100,100,100,100,100,100,100,100,100,100,100,100,100,100,100,100,100,100
211,100,100,100,100,100,100,100,100,100,100,100,100,100,100,100,100,100,100,100,100,100,100,100,100,100,100,100,100,100,100
212,100,100,100,100,100,100,100,100,100,100,100,100,100,100,100,100,100,100,100,100,100,100,100,100,100,100,100,100,100,100
213,100,100,100,100,100,100,100,100,100,100,100,100,100,100,100,100,100,100,100,100,100,100,100,100,100,100,100,100,100,100
214,100,100,100,100,100,100,100,100,100,100,100,100,100,100,100,100,100,100,100,100,100,100,100,100,100,100,100,100,100,100
215,100,100,100,100,100,100,100,100,100,100,100,100,100,100,100,100,100,100,100,100,100,100,100,100,100,100,100,100,100,100
216,100,100,100,100,100,100,100,100,100,100,100,100,100,100,100,100,100,100,100,100,100,100,100,100,100,100,100,100,100,100
217,100,100,100,100,100,100,100,100,100,100,100,100,100,100,100,100,100,100,100,100,100,100,100,100,100,100,100,100,100,100
218,100,100,100,100,100,100,100,100,100,100,100,100,100,100,100,100,100,100,100,100,100,100,100,100,100,100,100,100,100,100
219,100,100,100,100,100,100,100,100,100,100,100,100,100,100,100,100,100,100,100,100,100,100,100,100,100,100,100,100,100,100
220,100,100,100,100,100,100,100,100,100,100,100,100,100,100,100,100,100,100,100,100,100,100,100,100,100,100,100,100,100,100
221,100,100,100,100,100,100,100,100,100,100,100,100,100,100,100,100,100,100,100,100,100,100,100,100,100,100,100,100,100,100
222,100,100,100,100,100,100,100,100,100,100,100,100,100,100,100,100,100,100,100,100,100,100,100,100,100,100,100,100,100,100
223,100,100,100,100,100,100,100,100,100,100,100,100,100,100,100,100,100,100,100,100,100,100,100,100,100,100,100,100,100,100
224,100,100,100,100,100,100,100,100,100,100,100,100,100,100,100,100,100,100,100,100,100,100,100,100,100,100,100,100,100,100
225,100,100,100,100,100,100,100,100,100,100,100,100,100,100,100,100,100,100,100,100,100,100,100,100,100,100,100,100,100,100
226,100,100,100,100,100,100,100,100,100,100,100,100,100,100,100,100,100,100,100,100,100,100,100,100,100,100,100,100,100,100
227,100,100,100,100,100,100,100,100,100,100,100,100,100,100,100,100,100,100,100,100,100,100,100,100,100,100,100,100,100,100
228,100,100,100,100,100,100,100,100,100,100,100,100,100,100,100,100,100,100,100,100,100,100,100,100,100,100,100,100,100,100
229,100,100,100,100,100,100,100,100,100,100,100,100,100,100,100,100,100,100,100,100,100,100,100,100,100,100,100,100,100,100
230,100,100,100,100,100,100,100,100,100,100,100,100,100,100,100,100,100,100,100,100,100,100,100,100,100,100,100,100,100,100
231,100,100,100,100,100,100,100,100,100,100,100,100,100,100,100,100,100,100,100,100,100,100,100,100,100,100,100,100,100,100
232,100,100,100,100,100,100,100,100,100,100,100,100,100,100,100,100,100,100,100,100,100,100,100,100,100,100,100,100,100,100
233,100,100,100,100,100,100,100,100,100,100,100,100,100,100,100,100,100,100,100,100,100,100,100,100,100,100,100,100,100,100
234,100,100,100,100,100,100,100,100,100,100,100,100,100,100,100,100,100,100,100,100,100,100,100,100,100,100,100,100,100,100
235,100,100,100,100,100,100,100,100,100,100,100,100,100,100,100,100,100,100,100,100,100,100,100,100,100,100,100,100,100,100
236,100,100,100,100,100,100,100,100,100,100,100,100,100,100,100,100,100,100,100,100,100,100,100,100,100,100,100,100,100,100
237,100,100,100,100,100,100,100,100,100,100,100,100,100,100,100,100,100,100,100,100,100,100,100,100,100,100,100,100,100,100
238,100,100,100,100,100,100,100,100,100,100,100,100,100,100,100,100,100,100,100,100,100,100,100,100,100,100,100,100,100,100
239,100,100,100,100,100,100,100,100,100,100,100,100,100,100,100,100,100,100,100,100,100,100,100,100,100,100,100,100,100,100
240,100,100,100,100,100,100,100,100,100,100,100,100,100,100,100,100,100,100,100,100,100,100,100,100,100,100,100,100,100,100
241,100,100,100,100,100,100,100,100,100,100,100,100,100,100,100,100,100,100,100,100,100,100,100,100,100,100,100,100,100,100
242,100,100,100,100,100,100,100,100,100,100,100,100,100,100,100,100,100,100,100,100,100,100,100,100,100,100,100,100,100,100
243,100,100,100,100,100,100,100,100,100,100,100,100,100,100,100,100,100,100,100,100,100,100,100,100,100,100,100,100,100,100
244,100,100,100,100,100,100,100,100,100,100,100,100,100,100,100,100,100,100,100,100,100,100,100,100,100,100,100,100,100,100
245,100,100,100,100,100,100,100,100,100,100,100,100,100,100,100,100,100,100,100,100,100,100,100,100,100,100,100,100,100,100
246,100,100,100,100,100,100,100,100,100,100,100,100,100,100,100,100,100,100,100,100,100,100,100,100,100,100,100,100,100,100
247,100,100,100,100,100,100,100,100,100,100,100,100,100,100,100,100,100,100,100,100,100,100,100,100,100,100,100,100,100,100
248,100,100,100,100,100,100,100,100,100,100,100,100,100,100,100,100,100,100,100,100,100,100,100,100,100,100,100,100,100,100
249,100,100,100,100,100,100,100,100,100,100,100,100,100,100,100,100,100,100,100,100,100,100,100,100,100,100,100,100,100,100
250,100,100,100,100,100,100,100,100,100,100,100,100,100,100,100,100,100,100,100,100,100,100,100,100,100,100,100,100,100,100
251,100,100,100,100,100,100,100,100,100,100,100,100,100,100,100,100,100,100,100,100,100,100,100,100,100,100,100,100,100,100
252,100,100,100,100,100,100,100,100,100,100,100,100,100,100,100,100,100,100,100,100,100,100,100,100,100,100,100,100,100,100
253,100,100,100,100,100,100,100,100,100,100,100,100,100,100,100,100,100,100,100,100,100,100,100,100,100,100,100,100,100,100
254,100,100,100,100,100,100,100,100,100,100,100,100,100,100,100,100,100,100,100,100,100,100,100,100,100,100,100,100,100,100
255,100,100,100,100,100,100,100,100,100,100,100,100,100,100,100,100,100,100,100,100,100,100,100,100,100,100,100,100,100,100
256,100,100,100,100,100,100,100,100,100,100,100,100,100,100,100,100,100,100,100,100,100,100,100,100,100,100,100,100,100,100
257,100,100,100,100,100,100,100,100,100,100,100,100,100,100,100,100,100,100,100,100,100,100,100,100,100,100,100,100,100,100
258,100,100,100,100,100,100,100,100,100,100,100,100,100,100,100,100,100,100,100,100,100,100,100,100,100,100,100,100,100,100
259,100,100,100,100,100,100,100,100,100,100,100,100,100,100,100,100,100,100,100,100,100,100,100,100,100,100,100,100,100,100
260,100,100,100,100,100,100,100,100,100,100,100,100,100,100,100,100,100,100,100,100,100,100,100,100,100,100,100,100,100,100
261,100,100,100,100,100,100,100,100,100,100,100,100,100,100,100,100,100,100,100,100,100,100,100,100,100,100,100,100,100,100
262,100,100,100,100,100,100,100,100,100,100,100,100,100,100,100,100,100,100,100,100,100,100,100,100,100,100,100,100,100,100
263,100,100,100,100,100,100,100,100,100,100,100,100,100,100,100,100,100,100,100,100,100,100,100,100,100,100,100,100,100,100
264,100,100,100,100,100,100,100,100,100,100,100,100,100,100,100,100,100,100,100,100,100,100,100,100,100,100,100,100,100,100
265,100,100,100,100,100,100,100,100,100,100,100,100,100,100,100,100,100,100,100,100,100,100,100,100,100,100,100,100,100,100
266,100,100,100,100,100,100,100,100,100,100,100,100,100,100,100,100,100,100,100,100,100,100,100,100,100,100,100,100,100,100
267,100,100,100,100,100,100,100,100,100,100,100,100,100,100,100,100,100,100,100,100,100,100,100,100,100,100,100,100,100,100
268,100,100,100,100,100,100,100,100,100,100,100,100,100,100,100,100,100,100,100,100,100,100,100,100,100,100,100,100,100,100
269,100,100,100,100,100,100,100,100,100,100,100,100,100,100,100,100,100,100,100,100,100,100,100,100,100,100,100,100,100,100
270,100,100,100,100,100,100,100,100,100,100,100,100,100,100,100,100,100,100,100,100,100,100,100,100,100,100,100,100,100,100
271,100,100,100,100,100,100,100,100,100,100,100,100,100,100,100,100,100,100,100,100,100,100,100,100,100,100,100,100,100,100
272,100,100,100,100,100,100,100,100,100,100,100,100,100,100,100,100,100,100,100,100,100,100,100,100,100,100,100,100,100,100
273,100,100,100,100,100,100,100,100,100,100,100,100,100,100,100,100,100,100,100,100,100,100,100,100,100,100,100,100,100,100
274,100,100,100,100,100,100,100,100,100,100,100,100,100,100,100,100,100,100,100,100,100,100,100,100,100,100,100,100,100,100
275,100,100,100,100,100,100,100,100,100,100,100,100,100,100,100,100,100,100,100,100,100,100,100,100,100,100,100,100,100,100
276,100,100,100,100,100,100,100,100,100,100,100,100,100,100,100,100,100,100,100,100,100,100,100,100,100,100,100,100,100,100
277,100,100,100,100,100,100,100,100,100,100,100,100,100,100,100,100,100,100,100,100,100,100,100,100,100,100,100,100,100,100
278,100,100,100,100,100,100,100,100,100,100,100,100,100,100,100,100,100,100,100,100,100,100,100,100,100,100,100,100,100,100
279,100,100,100,100,100,100,100,100,100,100,100,100,100,100,100,100,100,100,100,100,100,100,100,100,100,100,100,100,100,100
280,100,100,100,100,100,100,100,100,100,100,100,100,100,100,100,100,100,100,100,100,100,100,100,100,100,100,100,100,100,100
281,100,100,100,100,100,100,100,100,100,100,100,100,100,100,100,100,100,100,100,100,100,100,100,100,100,100,100,100,100,100
282,100,100,100,100,100,100,100,100,100,100,100,100,100,100,100,100,100,100,100,100,100,100,100,100,100,100,100,100,100,100
283,100,100,100,100,100,100,100,100,100,100,100,100,100,100,100,100,100,100,100,100,100,100,100,100,100,100,100,100,100,100
284,100,100,100,100,100,100,100,100,100,100,100,100,100,100,100,100,100,100,100,100,100,100,100,100,100,100,100,100,100,100
285,100,100,100,100,100,100,100,100,100,100,100,100,100,100,100,100,100,100,100,100,100,100,100,100,100,100,100,100,100,100
286,100,100,100,100,100,100,100,100,100,100,100,100,100,100,100,100,100,100,100,100,100,100,100,100,100,100,100,100,100,100
287,100,100,100,100,100,100,100,100,100,100,100,100,100,100,100,100,100,100,100,100,100,100,100,100,100,100,100,100,100,100
288,100,100,100,100,100,100,100,100,100,100,100,100,100,100,100,100,100,100,100,100,100,100,100,100,100,100,100,100,100,100
289,100,100,100,100,100,100,100,100,100,100,100,100,100,100,100,100,100,100,100,100,100,100,100,100,100,100,100,100,100,100
290,100,100,100,100,100,100,100,100,100,100,100,100,100,100,100,100,100,100,100,100,100,100,100,100,100,100,100,100,100,100
291,100,100,100,100,100,100,100,100,100,100,100,100,100,100,100,100,100,100,100,100,100,100,100,100,100,100,100,100,100,100
292,100,100,100,100,100,100,100,100,100,100,100,100,100,100,100,100,100,100,100,100,100,100,100,100,100,100,100,100,100,100
293,100,100,100,100,100,100,100,100,100,100,100,100,100,100,100,100,100,100,100,100,100,100,100,100,100,100,100,100,100,100
294,100,100,100,100,100,100,100,100,100,100,100,100,100,100,100,100,100,100,100,100,100,100,100,100,100,100,100,100,100,100
295,100,100,100,100,100,100,100,100,100,100,100,100,100,100,100,100,100,100,100,100,100,100,100,100,100,100,100,100,100,100
296,100,100,100,100,100,100,100,100,100,100,100,100,100,100,100,100,100,100,100,100,100,100,100,100,100,100,100,100,100,100
297,100,100,100,100,100,100,100,100,100,100,100,100,100,100,100,100,100,100,100,100,100,100,100,100,100,100,100,100,100,100
298,100,100,100,100,100,100,100,100,100,100,100,100,100,100,100,100,100,100,100,100,100,100,100,100,100,100,100,100,100,100
299,100,100,100,100,100,100,100,100,100,100,100,100,100,100,100,100,100,100,100,100,100,100,100,100,100,100,100,100,100,100
300,100,100,100,100,100,100,100,100,100,100,100,100,100,100,100,100,100,100,100,100,100,100,100,100,100,100,100,100,100,100
301,100,100,100,100,100,100,100,100,100,100,100,100,100,100,100,100,100,100,100,100,100,100,100,100,100,100,100,100,100,100
302,100,100,100,100,100,100,100,100,100,100,100,100,100,100,100,100,100,100,100,100,100,100,100,100,100,100,100,100,100,100
303,100,100,100,100,100,100,100,100,100,100,100,100,100,100,100,100,100,100,100,100,100,100,100,100,100,100,100,100,100,100
304,100,100,100,100,100,100,100,100,100,100,100,100,100,100,100,100,100,100,100,100,100,100,100,100,100,100,100,100,100,100
305,100,100,100,100,100,100,100,100,100,100,100,100,100,100,100,100,100,100,100,100,100,100,100,100,100,100,100,100,100,100
306,100,100,100,100,100,100,100,100,100,100,100,100,100,100,100,100,100,100,100,100,100,100,100,100,100,100,100,100,100,100
307,100,100,100,100,100,100,100,100,100,100,100,100,100,100,100,100,100,100,100,100,100,100,100,100,100,100,100,100,100,100
308,100,100,100,100,100,100,100,100,100,100,100,100,100,100,100,100,100,100,100,100,100,100,100,100,100,100,100,100,100,100
309,100,100,100,100,100,100,100,100,100,100,100,100,100,100,100,100,100,100,100,100,100,100,100,100,100,100,100,100,100,100
310,100,100,100,100,100,100,100,100,100,100,100,100,100,100,100,100,100,100,100,100,100,100,100,100,100,100,100,100,100,100
311,100,100,100,100,100,100,100,100,100,100,100,100,100,100,100,100,100,100,100,100,100,100,100,100,100,100,100,100,100,100
312,100,100,100,100,100,100,100,100,100,100,100,100,100,100,100,100,100,100,100,100,100,100,100,100,100,100,100,100,100,100
313,100,100,100,100,100,100,100,100,100,100,100,100,100,100,100,100,100,100,100,100,100,100,100,100,100,100,100,100,100,100
314,100,100,100,100,100,100,100,100,100,100,100,100,100,100,100,100,100,100,100,100,100,100,100,100,100,100,100,100,100,100
315,100,100,100,100,100,100,100,100,100,100,100,100,100,100,100,100,100,100,100,100,100,100,100,100,100,100,100,100,100,100
316,100,100,100,100,100,100,100,100,100,100,100,100,100,100,100,100,100,100,100,100,100,100,100,100,100,100,100,100,100,100
317,100,100,100,100,100,100,100,100,100,100,100,100,100,100,100,100,100,100,100,100,100,100,100,100,100,100,100,100,100,100
318,100,100,100,100,100,100,100,100,100,100,100,100,100,100,100,100,100,100,100,100,100,100,100,100,100,100,100,100,100,100
319,100,100,100,100,100,100,100,100,100,100,100,100,100,100,100,100,100,100,100,100,100,100,100,100,100,100,100,100,100,100
320,100,100,100,100,100,100,100,100,100,100,100,100,100,100,100,100,100,100,100,100,100,100,100,100,100,100,100,100,100,100
321,100,100,100,100,100,100,100,100,100,100,100,100,100,100,100,100,100,100,100,100,100,100,100,100,100,100,100,100,100,100
322,100,100,100,100,100,100,100,100,100,100,100,100,100,100,100,100,100,100,100,100,100,100,100,100,100,100,100,100,100,100
323,100,100,100,100,100,100,100,100,100,100,100,100,100,100,100,100,100,100,100,100,100,100,100,100,100,100,100,100,100,100
324,100,100,100,100,100,100,100,100,100,100,100,100,100,100,100,100,100,100,100,100,100,100,100,100,100,100,100,100,100,100
325,100,100,100,100,100,100,100,100,100,100,100,100,100,100,100,100,100,100,100,100,100,100,100,100,100,100,100,100,100,100
326,100,100,100,100,100,100,100,100,100,100,100,100,100,100,100,100,100,100,100,100,100,100,100,100,100,100,100,100,100,100
327,100,100,100,100,100,100,100,100,100,100,100,100,100,100,100,100,100,100,100,100,100,100,100,100,100,100,100,100,100,100
328,100,100,100,100,100,100,100,100,100,100,100,100,100,100,100,100,100,100,100,100,100,100,100,100,100,100,100,100,100,100
329,100,100,100,100,100,100,100,100,100,100,100,100,100,100,100,100,100,100,100,100,100,100,100,100,100,100,100,100,100,100
330,100,100,100,100,100,100,100,100,100,100,100,100,100,100,100,100,100,100,100,100,100,100,100,100,100,100,100,100,100,100
331,100,100,100,100,100,100,100,100,100,100,100,100,100,100,100,100,100,100,100,100,100,100,100,100,100,100,100,100,100,100
332,100,100,100,100,100,100,100,100,100,100,100,100,100,100,100,100,100,100,100,100,100,100,100,100,100,100,100,100,100,100
333,100,100,100,100,100,100,100,100,100,100,100,100,100,100,100,100,100,100,100,100,100,100,100,100,100,100,100,100,100,100
334,100,100,100,100,100,100,100,100,100,100,100,100,100,100,100,100,100,100,100,100,100,100,100,100,100,100,100,100,100,100
335,100,100,100,100,100,100,100,100,100,100,100,100,100,100,100,100,100,100,100,100,100,100,100,100,100,100,100,100,100,100
336,100,100,100,100,100,100,100,100,100,100,100,100,100,100,100,100,100,100,100,100,100,100,100,100,100,100,100,100,100,100
337,100,100,100,100,100,100,100,100,100,100,100,100,100,100,100,100,100,100,100,100,100,100,100,100,100,100,100,100,100,100
338,100,100,100,100,100,100,100,100,100,100,100,100,100,100,100,100,100,100,100,100,100,100,100,100,100,100,100,100,100,100
339,100,100,100,100,100,100,100,100,100,100,100,100,100,100,100,100,100,100,100,100,100,100,100,100,100,100,100,100,100,100
340,100,100,100,100,100,100,100,100,100,100,100,100,100,100,100,100,100,100,100,100,100,100,100,100,100,100,100,100,100,100
341,100,100,100,100,100,100,100,100,100,100,100,100,100,100,100,100,100,100,100,100,100,100,100,100,100,100,100,100,100,100
342,100,100,100,100,100,100,100,100,100,100,100,100,100,100,100,100,100,100,100,100,100,100,100,100,100,100,100,100,100,100
343,100,100,100,100,100,100,100,100,100,100,100,100,100,100,100,100,100,100,100,100,100,100,100,100,100,100,100,100,100,100
344,100,100,100,100,100,100,100,100,100,100,100,100,100,100,100,100,100,100,100,100,100,100,100,100,100,100,100,100,100,100
345,100,100,100,100,100,100,100,100,100,100,100,100,100,100,100,100,100,100,100,100,100,100,100,100,100,100,100,100,100,100
346,100,100,100,100,100,100,100,100,100,100,100,100,100,100,100,100,100,100,100,100,100,100,100,100,100,100,100,100,100,100
347,100,100,100,100,100,100,100,100,100,100,100,100,100,100,100,100,100,100,100,100,100,100,100,100,100,100,100,100,100,100
348,100,100,100,100,100,100,100,100,100,100,100,100,100,100,100,100,100,100,100,100,100,100,100,100,100,100,100,100,100,100
349,100,100,100,100,100,100,100,100,100,100,100,100,100,100,100,100,100,100,100,100,100,100,100,100,100,100,100,100,100,100
350,100,100,100,100,100,100,100,100,100,100,100,100,100,100,100,100,100,100,100,100,100,100,100,100,100,100,100,100,100,100
351,100,100,100,100,100,100,100,100,100,100,100,100,100,100,100,100,100,100,100,100,100,100,100,100,100,100,100,100,100,100
352,100,100,100,100,100,100,100,100,100,100,100,100,100,100,100,100,100,100,100,100,100,100,100,100,100,100,100,100,100,100
353,100,100,100,100,100,100,100,100,100,100,100,100,100,100,100,100,100,100,100,100,100,100,100,100,100,100,100,100,100,100
354,100,100,100,100,100,100,100,100,100,100,100,100,100,100,100,100,100,100,100,100,100,100,100,100,100,100,100,100,100,100
355,100,100,100,100,100,100,100,100,100,100,100,100,100,100,100,100,100,100,100,100,100,100,100,100,100,100,100,100,100,100
356,100,100,100,100,100,100,100,100,100,100,100,100,100,100,100,100,100,100,100,100,100,100,100,100,100,100,100,100,100,100
357,100,100,100,100,100,100,100,100,100,100,100,100,100,100,100,100,100,100,100,100,100,100,100,100,100,100,100,100,100,100
358,100,100,100,100,100,100,100,100,100,100,100,100,100,100,100,100,100,100,100,100,100,100,100,100,100,100,100,100,100,100
359,100,100,100,100,100,100,100,100,100,100,100,100,100,100,100,100,100,100,100,100,100,100,100,100,100,100,100,100,100,100
360,100,100,100,100,100,100,100,100,100,100,100,100,100,100,100,100,100,100,100,100,100,100,100,100,100,100,100,100,100,100
361,100,100,100,100,100,100,100,100,100,100,100,100,100,100,100,100,100,100,100,100,100,100,100,100,100,100,100,100,100,100
362,100,100,100,100,100,100,100,100,100,100,100,100,100,100,100,100,100,100,100,100,100,100,100,100,100,100,100,100,100,100
363,100,100,100,100,100,100,100,100,100,100,100,100,100,100,100,100,100,100,100,100,100,100,100,100,100,100,100,100,100,100
364,100,100,100,100,100,100,100,100,100,100,100,100,100,100,100,100,100,100,100,100,100,100,100,100,100,100,100,100,100,100
365,100,100,100,100,100,100,100,100,100,100,100,100,100,100,100,100,100,100,100,100,100,100,100,100,100,100,100,100,100,100
366,100,100,100,100,100,100,100,100,100,100,100,100,100,100,100,100,100,100,100,100,100,100,100,100,100,100,100,100,100,100
367,100,100,100,100,100,100,100,100,100,100,100,100,100,100,100,100,100,100,100,100,100,100,100,100,100,100,100,100,100,100
368,100,100,100,100,100,100,100,100,100,100,100,100,100,100,100,100,100,100,100,100,100,100,100,100,100,100,100,100,100,100
369,100,100,100,100,100,100,100,100,100,100,100,100,100,100,100,100,100,100,100,100,100,100,100,100,100,100,100,100,100,100
370,100,100,100,100,100,100,100,100,100,100,100,100,100,100,100,100,100,100,100,100,100,100,100,100,100,100,100,100,100,100
371,100,100,100,100,100,100,100,100,100,100,100,100,100,100,100,100,100,100,100,100,100,100,100,100,100,100,100,100,100,100
372,100,100,100,100,100,100,100,100,100,100,100,100,100,100,100,100,100,100,100,100,100,100,100,100,100,100,100,100,100,100
373,100,100,100,100,100,100,100,100,100,100,100,100,100,100,100,100,100,100,100,100,100,100,100,100,100,100,100,100,100,100
374,100,100,100,100,100,100,100,100,100,100,100,100,100,100,100,100,100,100,100,100,100,100,100,100,100,100,100,100,100,100
375,100,100,100,100,100,100,100,100,100,100,100,100,100,100,100,100,100,100,100,100,100,100,100,100,100,100,100,100,100,100
376,100,100,100,100,100,100,100,100,100,100,100,100,100,100,100,100,100,100,100,100,100,100,100,100,100,100,100,100,100,100
377,100,100,100,100,100,100,100,100,100,100,100,100,100,100,100,100,100,100,100,100,100,100,100,100,100,100,100,100,100,100
378,100,100,100,100,100,100,100,100,100,100,100,100,100,100,100,100,100,100,100,100,100,100,100,100,100,100,100,100,100,100
379,100,100,100,100,100,100,100,100,100,100,100,100,100,100,100,100,100,100,100,100,100,100,100,100,100,100,100,100,100,100
380,100,100,100,100,100,100,100,100,100,100,100,100,100,100,100,100,100,100,100,100,100,100,100,100,100,100,100,100,100,100
381,100,100,100,100,100,100,100,100,100,100,100,100,100,100,100,100,100,100,100,100,100,100,100,100,100,100,100,100,100,100
382,100,100,100,100,100,100,100,100,100,100,100,100,100,100,100,100,100,100,100,100,100,100,100,100,100,100,100,100,100,100
383,100,100,100,100,100,100,100,100,100,100,100,100,100,100,100,100,100,100,100,100,100,100,100,100,100,100,100,100,100,100
384,100,100,100,100,100,100,100,100,100,100,100,100,100,100,100,100,100,100,100,100,100,100,100,100,100,100,100,100,100,100
385,100,100,100,100,100,100,100,100,100,100,100,100,100,100,100,100,100,100,100,100,100,100,100,100,100,100,100,100,100,100
386,100,100,100,100,100,100,100,100,100,100,100,100,100,100,100,100,100,100,100,100,100,100,100,100,100,100,100,100,100,100
387,100,100,100,100,100,100,100,100,100,100,100,100,100,100,100,100,100,100,100,100,100,100,100,100,100,100,100,100,100,100
388,100,100,100,100,100,100,100,100,100,100,100,100,100,100,100,100,100,100,100,100,100,100,100,100,100,100,100,100,100,100
389,100,100,100,100,100,100,100,100,100,100,100,100,100,100,100,100,100,100,100,100,100,100,100,100,100,100,100,100,100,100
390,100,100,100,100,100,100,100,100,100,100,100,100,100,100,100,100,100,100,100,100,100,100,100,100,100,100,100,100,100,100
391,100,100,100,100,100,100,100,100,100,100,100,100,100,100,100,100,100,100,100,100,100,100,100,100,100,100,100,100,100,100
392,100,100,100,100,100,100,100,100,100,100,100,100,100,100,100,100,100,100,100,100,100,100,100,100,100,100,100,100,100,100
393,100,100,100,100,100,100,100,100,100,100,100,100,100,100,100,100,100,100,100,100,100,100,100,100,100,100,100,100,100,100
394,100,100,100,100,100,100,100,100,100,100,100,100,100,100,100,100,100,100,100,100,100,100,100,100,100,100,100,100,100,100
395,100,100,100,100,100,100,100,100,100,100,100,100,100,100,100,100,100,100,100,100,100,100,100,100,100,100,100,100,100,100
396,100,100,100,100,100,100,100,100,100,100,100,100,100,100,100,100,100,100,100,100,100,100,100,100,100,100,100,100,100,100
397,100,100,100,100,100,100,100,100,100,100,100,100,100,100,100,100,100,100,100,100,100,100,100,100,100,100,100,100,100,100
398,100,100,100,100,100,100,100,100,100,100,100,100,100,100,100,100,100,100,100,100,100,100,100,100,100,100,100,100,100,100
399,100,100,100,100,100,100,100,100,100,100,100,100,100,100,100,100,100,100,100,100,100,100,100,100,100,100,100,100,100,100
400,100,100,100,100,100,100,100,100,100,100,100,100,100,100,100,100,100,100,100,100,100,100,100,100,100,100,100,100,100,100
401,100,100,100,100,100,100,100,100,100,100,100,100,100,100,100,100,100,100,100,100,100,100,100,100,100,100,100,100,100,100
402,100,100,100,100,100,100,100,100,100,100,100,100,100,100,100,100,100,100,100,100,100,100,100,100,100,100,100,100,100,100
403,100,100,100,100,100,100,100,100,100,100,100,100,100,100,100,100,100,100,100,100,100,100,100,100,100,100,100,100,100,100
404,100,100,100,100,100,100,100,100,100,100,100,100,100,100,100,100,100,100,100,100,100,100,100,100,100,100,100,100,100,100
405,100,100,100,100,100,100,100,100,100,100,100,100,100,100,100,100,100,100,100,100,100,100,100,100,100,100,100,100,100,100
406,100,100,100,100,100,100,100,100,100,100,100,100,100,100,100,100,100,100,100,100,100,100,100,100,100,100,100,100,100,100
407,100,100,100,100,100,100,100,100,100,100,100,100,100,100,100,100,100,100,100,100,100,100,100,100,100,100,100,100,100,100
408,100,100,100,100,100,100,100,100,100,100,100,100,100,100,100,100,100,100,100,100,100,100,100,100,100,100,100,100,100,100
409,100,100,100,100,100,100,100,100,100,100,100,100,100,100,100,100,100,100,100,100,100,100,100,100,100,100,100,100,100,100
410,100,100,100,100,100,100,100,100,100,100,100,100,100,100,100,100,100,100,100,100,100,100,100,100,100,100,100,100,100,100
411,100,100,100,100,100,100,100,100,100,100,100,100,100,100,100,100,100,100,100,100,100,100,100,100,100,100,100,100,100,100
412,100,100,100,100,100,100,100,100,100,100,100,100,100,100,100,100,100,100,100,100,100,100,100,100,100,100,100,100,100,100
413,100,100,100,100,100,100,100,100,100,100,100,100,100,100,100,100,100,100,100,100,100,100,100,100,100,100,100,100,100,100
414,100,100,100,100,100,100,100,100,100,100,100,100,100,100,100,100,100,100,100,100,100,100,100,100,100,100,100,100,100,100
415,100,100,100,100,100,100,100,100,100,100,100,100,100,100,100,100,100,100,100,100,100,100,100,100,100,100,100,100,100,100
416,100,100,100,100,100,100,100,100,100,100,100,100,100,100,100,100,100,100,100,100,100,100,100,100,100,100,100,100,100,100
417,100,100,100,100,100,100,100,100,100,100,100,100,100,100,100,100,100,100,100,100,100,100,100,100,100,100,100,100,100,100
418,100,100,100,100,100,100,100,100,100,100,100,100,100,100,100,100,100,100,100,100,100,100,100,100,100,100,100,100,100,100
419,100,100,100,100,100,100,100,100,100,100,100,100,100,100,100,100,100,100,100,100,100,100,100,100,100,100,100,100,100,100
420,100,100,100,100,100,100,100,100,100,100,100,100,100,100,100,100,100,100,100,100,100,100,100,100,100,100,100,100,100,100
421,100,100,100,100,100,100,100,100,100,100,100,100,100,100,100,100,100,100,100,100,100,100,100,100,100,100,100,100,100,100
422,100,100,100,100,100,100,100,100,100,100,100,100,100,100,100,100,100,100,100,100,100,100,100,100,100,100,100,100,100,100
423,100,100,100,100,100,100,100,100,100,100,100,100,100,100,100,100,100,100,100,100,100,100,100,100,100,100,100,100,100,100
424,100,100,100,100,100,100,100,100,100,100,100,100,100,100,100,100,100,100,100,100,100,100,100,100,100,100,100,100,100,100
425,100,100,100,100,100,100,100,100,100,100,100,100,100,100,100,100,100,100,100,100,100,100,100,100,100,100,100,100,100,100
426,100,100,100,100,100,100,100,100,100,100,100,100,100,100,100,100,100,100,100,100,100,100,100,100,100,100,100,100,100,100
427,100,100,100,100,100,100,100,100,100,100,100,100,100,100,100,100,100,100,100,100,100,100,100,100,100,100,100,100,100,100
428,100,100,100,100,100,100,100,100,100,100,100,100,100,100,100,100,100,100,100,100,100,100,100,100,100,100,100,100,100,100
429,100,100,100,100,100,100,100,100,100,100,100,100,100,100,100,100,100,100,100,100,100,100,100,100,100,100,100,100,100,100
430,100,100,100,100,100,100,100,100,100,100,100,100,100,100,100,100,100,100,100,100,100,100,100,100,100,100,100,100,100,100
431,100,100,100,100,100,100,100,100,100,100,100,100,100,100,100,100,100,100,100,100,100,100,100,100,100,100,100,100,100,100
432,100,100,100,100,100,100,100,100,100,100,100,100,100,100,100,100,100,100,100,100,100,100,100,100,100,100,100,100,100,100
433,100,100,100,100,100,100,100,100,100,100,100,100,100,100,100,100,100,100,100,100,100,100,100,100,100,100,100,100,100,100
434,100,100,100,100,100,100,100,100,100,100,100,100,100,100,100,100,100,100,100,100,100,100,100,100,100,100,100,100,100,100
435,100,100,100,100,100,100,100,100,100,100,100,100,100,100,100,100,100,100,100,100,100,100,100,100,100,100,100,100,100,100
436,100,100,100,100,100,100,100,100,100,100,100,100,100,100,100,100,100,100,100,100,100,100,100,100,100,100,100,100,100,100
437,100,100,100,100,100,100,100,100,100,100,100,100,100,100,100,100,100,100,100,100,100,100,100,100,100,100,100,100,100,100
438,100,100,100,100,100,100,100,100,100,100,100,100,100,100,100,100,100,100,100,100,100,100,100,100,100,100,100,100,100,100
439,100,100,100,100,100,100,100,100,100,100,100,100,100,100,100,100,100,100,100,100,100,100,100,100,100,100,100,100,100,100
440,100,100,100,100,100,100,100,100,100,100,100,100,100,100,100,100,100,100,100,100,100,100,100,100,100,100,100,100,100,100
441,100,100,100,100,100,100,100,100,100,100,100,100,100,100,100,100,100,100,100,100,100,100,100,100,100,100,100,100,100,100
442,100,100,100,100,100,100,100,100,100,100,100,100,100,100,100,100,100,100,100,100,100,100,100,100,100,100,100,100,100,100
443,100,100,100,100,100,100,100,100,100,100,100,100,100,100,100,100,100,100,100,100,100,100,100,100,100,100,100,100,100,100
444,100,100,100,100,100,100,100,100,100,100,100,100,100,100,100,100,100,100,100,100,100,100,100,100,100,100,100,100,100,100
445,100,100,100,100,100,100,100,100,100,100,100,100,100,100,100,100,100,100,100,100,100,100,100,100,100,100,100,100,100,100
446,100,100,100,100,100,100,100,100,100,100,100,100,100,100,100,100,100,100,100,100,100,100,100,100,100,100,100,100,100,100
447,100,100,100,100,100,100,100,100,100,100,100,100,100,100,100,100,100,100,100,100,100,100,100,100,100,100,100,100,100,100
448,100,100,100,100,100,100,100,100,100,100,100,100,100,100,100,100,100,100,100,100,100,100,100,100,100,100,100,100,100,100
449,100,100,100,100,100,100,100,100,100,100,100,100,100,100,100,100,100,100,100,100,100,100,100,100,100,100,100,100,100,100
450,100,100,100,100,100,100,100,100,100,100,100,100,100,100,100,100,100,100,100,100,100,100,100,100,100,100,100,100,100,100
451,100,100,100,100,100,100,100,100,100,100,100,100,100,100,100,100,100,100,100,100,100,100,100,100,100,100,100,100,100,100
452,100,100,100,100,100,100,100,100,100,100,100,100,100,100,100,100,100,100,100,100,100,100,100,100,100,100,100,100,100,100
453,100,100,100,100,100,100,100,100,100,100,100,100,100,100,100,100,100,100,100,100,100,100,100,100,100,100,100,100,100,100
454,100,100,100,100,100,100,100,100,100,100,100,100,100,100,100,100,100,100,100,100,100,100,100,100,100,100,100,100,100,100
455,100,100,100,100,100,100,100,100,100,100,100,100,100,100,100,100,100,100,100,100,100,100,100,100,100,100,100,100,100,100
456,100,100,100,100,100,100,100,100,100,100,100,100,100,100,100,100,100,100,100,100,100,100,100,100,100,100,100,100,100,100
457,100,100,100,100,100,100,100,100,100,100,100,100,100,100,100,100,100,100,100,100,100,100,100,100,100,100,100,100,100,100
458,100,100,100,100,100,100,100,100,100,100,100,100,100,100,100,100,100,100,100,100,100,100,100,100,100,100,100,100,100,100
459,100,100,100,100,100,100,100,100,100,100,100,100,100,100,100,100,100,100,100,100,100,100,100,100,100,100,100,100,100,100
460,100,100,100,100,100,100,100,100,100,100,100,100,100,100,100,100,100,100,100,100,100,100,100,100,100,100,100,100,100,100
461,100,100,100,100,100,100,100,100,100,100,100,100,100,100,100,100,100,100,100,100,100,100,100,100,100,100,100,100,100,100
462,100,100,100,100,100,100,100,100,100,100,100,100,100,100,100,100,100,100,100,100,100,100,100,100,100,100,100,100,100,100
463,100,100,100,100,100,100,100,100,100,100,100,100,100,100,100,100,100,100,100,100,100,100,100,100,100,100,100,100,100,100
464,100,100,100,100,100,100,100,100,100,100,100,100,100,100,100,100,100,100,100,100,100,100,100,100,100,100,100,100,100,100
465,100,100,100,100,100,100,100,100,100,100,100,100,100,100,100,100,100,100,100,100,100,100,100,100,100,100,100,100,100,100
466,100,100,100,100,100,100,100,100,100,100,100,100,100,100,100,100,100,100,100,100,100,100,100,100,100,100,100,100,100,100
467,100,100,100,100,100,100,100,100,100,100,100,100,100,100,100,100,100,100,100,100,100,100,100,100,100,100,100,100,100,100
468,100,100,100,100,100,100,100,100,100,100,100,100,100,100,100,100,100,100,100,100,100,100,100,100,100,100,100,100,100,100
469,100,100,100,100,100,100,100,100,100,100,100,100,100,100,100,100,100,100,100,100,100,100,100,100,100,100,100,100,100,100
470,100,100,100,100,100,100,100,100,100,100,100,100,100,100,100,100,100,100,100,100,100,100,100,100,100,100,100,100,100,100
471,100,100,100,100,100,100,100,100,100,100,100,100,100,100,100,100,100,100,100,100,100,100,100,100,100,100,100,100,100,100
472,100,100,100,100,100,100,100,100,100,100,100,100,100,100,100,100,100,100,100,100,100,100,100,100,100,100,100,100,100,100
473,100,100,100,100,100,100,100,100,100,100,100,100,100,100,100,100,100,100,100,100,100,100,100,100,100,100,100,100,100,100
474,100,100,100,100,100,100,100,100,100,100,100,100,100,100,100,100,100,100,100,100,100,100,100,100,100,100,100,100,100,100
475,100,100,100,100,100,100,100,100,100,100,100,100,100,100,100,100,100,100,100,100,100,100,100,100,100,100,100,100,100,100
476,100,100,100,100,100,100,100,100,100,100,100,100,100,100,100,100,100,100,100,100,100,100,100,100,100,100,100,100,100,100
477,100,100,100,100,100,100,100,100,100,100,100,100,100,100,100,100,100,100,100,100,100,100,100,100,100,100,100,100,100,100
478,100,100,100,100,100,100,100,100,100,100,100,100,100,100,100,100,100,100,100,100,100,100,100,100,100,100,100,100,100,100
479,100,100,100,100,100,100,100,100,100,100,100,100,100,100,100,100,100,100,100,100,100,100,100,100,100,100,100,100,100,100
480,100,100,100,100,100,100,100,100,100,100,100,100,100,100,100,100,100,100,100,100,100,100,100,100,100,100,100,100,100,100
481,100,100,100,100,100,100,100,100,100,100,100,100,100,100,100,100,100,100,100,100,100,100,100,100,100,100,100,100,100,100
482,100,100,100,100,100,100,100,100,100,100,100,100,100,100,100,100,100,100,100,100,100,100,100,100,100,100,100,100,100,100
483,100,100,100,100,100,100,100,100,100,100,100,100,100,100,100,100,100,100,100,100,100,100,100,100,100,100,100,100,100,100
484,100,100,100,100,100,100,100,100,100,100,100,100,100,100,100,100,100,100,100,100,100,100,100,100,100,100,100,100,100,100
485,100,100,100,100,100,100,100,100,100,100,100,100,100,100,100,100,100,100,100,100,100,100,100,100,100,100,100,100,100,100
486,100,100,100,100,100,100,100,100,100,100,100,100,100,100,100,100,100,100,100,100,100,100,100,100,100,100,100,100,100,100
487,100,100,100,100,100,100,100,100,100,100,100,100,100,100,100,100,100,100,100,100,100,100,100,100,100,100,100,100,100,100
488,100,100,100,100,100,100,100,100,100,100,100,100,100,100,100,100,100,100,100,100,100,100,100,100,100,100,100,100,100,100
489,100,100,100,100,100,100,100,100,100,100,100,100,100,100,100,100,100,100,100,100,100,100,100,100,100,100,100,100,100,100
490,100,100,100,100,100,100,100,100,100,100,100,100,100,100,100,100,100,100,100,100,100,100,100,100,100,100,100,100,100,100
491,100,100,100,100,100,100,100,100,100,100,100,100,100,100,100,100,100,100,100,100,100,100,100,100,100,100,100,100,100,100
492,100,100,100,100,100,100,100,100,100,100,100,100,100,100,100,100,100,100,100,100,100,100,100,100,100,100,100,100,100,100
493,100,100,100,100,100,100,100,100,100,100,100,100,100,100,100,100,100,100,100,100,100,100,100,100,100,100,100,100,100,100
494,100,100,100,100,100,100,100,100,100,100,100,100,100,100,100,100,100,100,100,100,100,100,100,100,100,100,100,100,100,100
495,100,100,100,100,100,100,100,100,100,100,100,100,100,100,100,100,100,100,100,100,100,100,100,100,100,100,100,100,100,100
496,100,100,100,100,100,100,100,100,100,100,100,100,100,100,100,100,100,100,100,100,100,100,100,100,100,100,100,100,100,100
497,100,100,100,100,100,100,100,100,100,100,100,100,100,100,100,100,100,100,100,100,100,100,100,100,100,100,100,100,100,100
498,100,100,100,100,100,100,100,100,100,100,100,100,100,100,100,100,100,100,100,100,100,100,100,100,100,100,100,100,100,100
499,100,100,100,100,100,100,100,100,100,100,100,100,100,100,100,100,100,100,100,100,100,100,100,100,100,100,100,100,100,100
500,100,100,100,100,100,100,100,100,100,100,100,100,100,100,100,100,100,100,100,100,100,100,100,100,100,100,100,100,100,100
